id,text_no_spaces,predicted_positions
0,куплюайфон14про,"[5, 10, 12]"
1,ищудомвПодмосковье,"[1, 6, 7]"
2,сдаюквартирусмебельюитехникой,"[4, 12, 13, 20, 21]"
3,новыйдивандоставканедорого,"[5, 10, 18]"
4,отдамдаромкошку,"[5, 10]"
5,работавМосквеудаленно,"[6, 7, 13]"
6,куплютелевизорPhilips,"[5, 14]"
7,ищугрузчиковдляпереезда,"[3, 12, 15]"
8,ремонтквартирподключ,"[6, 13, 16]"
9,куплюноутбукHP,"[5, 12]"
10,ищуквартирууметро,"[3, 11, 12]"
11,новаямикроволновкаSamsung,"[5, 18]"
12,срочнопродамвелосипед,"[6, 12]"
13,куплюгитаруFender,"[5, 11]"
14,ищурепетиторапобиологии,"[3, 13, 15]"
15,сдаюгаражнадлительныйсрок,"[4, 9, 11, 21]"
16,куплюдиванбу,"[3, 5, 7, 8, 10]"
17,ищумастерапоремонтухолодильников,"[3, 10, 12, 19]"
18,новыйшкафдоставкасегодня,"[5, 9, 17]"
19,куплюXboxOne,"[5, 9]"
20,ищуподработкуповечерам,"[3, 6, 13, 15]"
21,сдамкомнатустудентке,"[4, 7, 9, 10, 11]"
22,куплюстаруюкнигу,"[5, 11]"
23,ищусобакулабрадор,"[3, 7, 9, 11, 14]"
24,новыйтелефонXiaomi13,"[5, 12, 18]"
25,куплюPlaystation5диск,"[5, 16, 17]"
26,ищукомнатувцентрегорода,"[1, 3, 8, 10, 11, 17]"
27,срочнонужнаняняребенку,"[6, 11, 15]"
28,куплюстиральнуюмашинуIndesit,"[5, 15, 21]"
29,ищудетскуюкроваткубу,"[3, 10, 18]"
30,новаякурткадоставка,"[5, 11]"
31,куплювелосипедMerida,"[5, 14]"
32,ищуврачаофтальмолога,"[3, 8, 14]"
33,сдаюквартирувцентреМосквы,"[4, 12, 13, 19]"
34,куплюхолодильникSamsung,"[5, 16]"
35,ищукошкубританскую,"[3, 8]"
36,новыйноутбукдоставказавтра,"[5, 12, 20]"
37,куплюшкафбу,"[5, 9]"
38,ищурепетиторапоистории,"[3, 13, 15]"
39,сдаюкомнатубезпосредников,"[4, 11, 14]"
40,куплютелевизорLGOLED,"[5, 14, 16]"
41,ищуквартирунедорогосрочно,"[3, 11, 19]"
42,новыйайфондоставка,"[5, 10]"
43,куплюгитаруYamaha,"[5, 11]"
44,ищустудиюуметро,"[3, 9, 10]"
45,сдамквартирумолодоженам,"[4, 12, 22]"
46,куплюкомпьютеригровой,"[5, 14]"
47,ищуработуповаромвкафе,"[3, 9, 11, 16, 17]"
48,новыйдиванIkea,"[5, 10]"
49,куплюстарыйноутбук,"[5, 11]"
50,ищусобакудобермана,"[3, 7, 9, 16]"
51,срочносдаюкомнату,"[6, 10]"
52,куплюмониторLG,"[5, 12]"
53,ищумастерапосантехнике,"[3, 10, 12]"
54,новыйстолдоставка,"[5, 9]"
55,куплюайфон13мини,"[5, 10, 12]"
56,ищудевушкудляотношений,"[1, 3, 10, 13]"
57,сдаюдачуналето,"[4, 8, 10]"
58,куплюстиральнуюмашинуLG,"[5, 15, 21]"
59,ищуучителяанглийскогоязыка,"[3, 10, 21]"
60,новыйноутбукAsus,"[5, 12]"
61,куплюматрасортопедический,"[5, 10]"
62,ищукомнатунадлительныйсрок,"[1, 3, 6, 10, 12, 22]"
63,сдамквартирубеззалога,"[4, 12, 15]"
64,куплюхолодильникAtlant,"[5, 16]"
65,ищусобакушпица,"[3, 7]"
66,новаястиральнаямашинадоставка,"[5, 15, 21]"
67,куплютелевизорSony,"[5, 14]"
68,ищурепетиторапогеографии,"[3, 13, 15]"
69,сдаюкомнатусмебелью,"[4, 11, 12]"
70,куплюпылесосDyson,"[5, 11, 12]"
71,ищуработуофицианткой,"[3, 9]"
72,новыйшкафкупе,"[5, 9]"
73,куплюдиванугловой,"[3, 7, 8]"
74,ищуквартирунадлительныйсрок,"[3, 11, 13, 23]"
75,сдамгаражваренду,"[4, 9, 10]"
76,куплювелосипедStels,"[5, 14]"
77,ищуврачапедиатра,"[3, 8]"
78,новыйтелефонOppo,"[5, 12]"
79,куплюмикроволновкуSamsung,"[5, 18]"
80,ищукомнатудлядевушки,"[1, 10, 13]"
81,срочнопродамшкаф,"[6, 12]"
82,куплюPlaystation4slim,"[5, 16, 17]"
83,ищусобакунемецкуюовчарку,"[3, 7, 9, 17]"
84,новаякуртказима,"[5, 11]"
85,куплютелефонHonor,"[5, 12]"
86,ищуподругудляпрогулок,"[3, 5, 10, 13]"
87,сдаюквартирусемье,"[4, 12]"
88,куплютелевизорToshiba,"[5, 14]"
89,ищумастерапоремонтустиралок,"[3, 10, 12, 19, 22]"
90,новыйдивансерый,"[5, 10]"
91,куплюкомодбу,"[5, 10]"
92,ищуучителяпоматематике,"[3, 10, 12]"
93,сдамквартирустудентам,"[4, 12]"
94,куплювелосипедбу,"[5, 14]"
95,ищустудиюнамесяц,"[3, 9, 11]"
96,новаямикроволновкадоставка,"[5, 18]"
97,ищуработунавыходные,"[3, 9, 11]"
98,куплютелефонHuawei,"[5, 12]"
99,"продамшкаф,почтиновый,сзеркалами","[6, 11, 16, 22, 23]"
100,"ищукнигубратьякарамазовы,срочно","[3, 8, 14, 25]"
101,"новыймонитор,27дюймов,доставка","[5, 13, 15, 22]"
102,"куплюковрикдляйоги,недорого!","[5, 11, 14, 19, 21]"
103,"ищуинструкторапоплаванию,бассейнрядом","[3, 14, 16, 25, 32]"
104,"сдамкомнату,толькодевушке","[4, 12, 18]"
105,"куплюшвейнуюмашинку,рабочую","[5, 12, 20]"
106,"ищудрузейдляпутешествий,летомвгоры","[3, 9, 12, 24, 29, 30]"
107,"новаякофеваркаPhilips,гарантияесть","[5, 14, 22, 30]"
108,"куплюлыжи,палкивкомплекте","[5, 7, 10, 15, 16]"
109,"ищуучителяповокалу,джаз","[3, 10, 12, 19]"
110,"сдамместовгараже,сухо","[4, 9, 10, 17]"
111,"куплюдетскийвелосипед,длядевочки","[3, 5, 12, 22, 25]"
112,"ищупекарявкафе,утро","[3, 9, 10, 15]"
113,"новаястиралкаBosch,привезусам","[5, 13, 19, 26]"
114,"куплюстолписьменный,белый","[5, 9, 20]"
115,"ищупрограммистанапроект,срочно!","[3, 15, 17, 24]"
116,"сдамстудиюпосуточно,метрорядом","[4, 10, 12, 20, 25]"
117,"куплюсковородучугунную,диаметр28","[5, 6, 14, 23, 30]"
118,"ищурепетиторапобиологии,ЕГЭ","[3, 13, 15, 24]"
119,"новаягазоваяплита,привезёмбыстро","[5, 12, 18, 26]"
120,"куплюмашинуВАЗбу,находу","[5, 11, 14, 17, 19]"
121,"ищустоликдляноутбука,складной","[3, 9, 12, 21]"
122,"сдамквартирунаночь,чисто","[4, 12, 14, 19]"
123,"куплюшкаф-купе,трёхдверный","[5, 9, 10, 15]"
124,"ищукостюмнасвадьбу,мужской","[3, 9, 11, 19]"
125,"новыйпылесосSamsung,коробкаесть","[5, 12, 20, 27]"
126,"куплюрюкзактуристический,70литров","[5, 11, 25, 27]"
127,ищуучителяпошахматам,"[3, 10, 12]"
128,"сдампарковкувцентре,охрана","[4, 12, 13, 20]"
129,"куплюкроссовкиAdidas,оригинал","[5, 6, 14, 21]"
130,"ищустолярныеуслуги,недорого","[3, 12, 19]"
131,"новыйтелевизорLG,гарантия2года","[5, 14, 17, 25, 26]"
132,"куплювазудляцветов,стеклянную","[5, 9, 12, 19]"
133,ищууборщицунавыходные,"[3, 11, 13]"
134,"сдамофис,20квадратов","[4, 9, 11]"
135,"куплюконькиженские,размер37","[5, 11, 19, 25]"
136,ищупереводчикасанглийского,"[3, 14, 15]"
137,"новыйутюгPhilips,гарантия","[5, 9, 17]"
138,"куплюнаушники,беспроводные","[5, 14]"
139,"ищуплиточника,ремонтванной","[3, 14, 20]"
140,"сдамгараж,ключинаруках","[4, 10, 15, 17]"
141,"куплюноутбук,недорого,срочно","[5, 13, 15, 22]"
142,ищугрузчиковназавтра,"[3, 12, 14]"
143,"новыйроутерXiaomi,вайфай6","[5, 11, 18, 19, 24]"
144,"куплюколонки5.1,мощные","[5, 12, 16]"
145,"ищуэлектрика,розеткиискрят!","[3, 13, 20, 21]"
146,"сдамдачунанеделю,естьбаня","[4, 8, 10, 17, 21]"
147,"куплюмиксеркухонный,брендовый","[5, 11, 20]"
148,ищуфотографанамероприятие,"[3, 12, 14]"
149,новаямультиваркаRedmond,"[5, 16]"
150,"куплючайникэлектрический,новый","[11, 25]"
151,"ищупылесос,моющий","[1, 3, 5, 11]"
152,"сдамкладовку,центргорода","[4, 13, 18]"
153,куплюкамерувидеонаблюдения,"[5, 11]"
154,"ищуняню,графикгибкий","[1, 3, 8, 14]"
155,"новыйсмартфон,запечатанный","[5, 14]"
156,куплючемоданнаколёсах,"[5, 8, 12, 14]"
157,ищупарикмахеранадом,"[3, 8, 14, 16]"
158,"сдамсклад,50метров","[4, 10, 12]"
159,"куплюпроектор,дляфильмов","[5, 14, 17]"
160,ищугитариставгруппу,"[3, 12, 13]"
161,новыйкухонныйкомбайн,"[5, 13]"
162,"куплюдиван,тканьсерая","[3, 5, 11, 16]"
163,ищуплитуэлектрическую,"[3, 8]"
164,"сдамстудиювцентре,уютная","[4, 10, 11, 18]"
165,куплюмясорубкуручную,"[5, 14]"
166,ищушеф-поваравресторан,"[3, 6, 7, 13, 14]"
167,новыйматрасортопедический,"[5, 11, 13]"
168,"куплютренажёр,вело","[5, 8, 10, 14]"
169,"ищуадвоката,консультация","[3, 12]"
170,"сдамофис,арендапомесячно","[4, 9, 15]"
171,куплюкартинумаслом,"[5, 12]"
172,ищубухгалтеранаполставки,"[3, 13, 15]"
173,новаяпечьмикроволновая,"[5, 9]"
174,куплюлодкурезиновую,"[5, 10]"
175,"ищулогопеда,занятиядома","[1, 3, 7, 12, 19]"
176,"сдамквартиру,ремонтсвежий","[4, 13, 19]"
177,"ищумебельщика,кухняподзаказ","[3, 14, 19, 22]"
178,новыйкулердляводы,"[5, 10, 13]"
179,куплюстолскладной,"[5, 9]"
180,"ищуводителя,ночныесмены","[3, 12, 18]"
181,"сдамквартиру,толькорусским","[4, 13, 19]"
182,куплюплатьевечернее,"[5, 11]"
183,"ищухирурга,консультациясрочно","[1, 3, 5, 11, 23]"
184,новыйфильтрдляводы,"[5, 11, 14]"
185,куплюкреслоофисное,"[5, 11]"
186,ищумассажистанадом,"[3, 13, 15]"
187,сдампомещениеподсклад,"[4, 13, 16]"
188,куплютелефонOppo,"[5, 12]"
189,"ищупсихолога,опытобязателен","[3, 13, 17]"
190,новаяколонкаJBL,"[5, 12]"
191,куплюджинсыLevi’s,"[3, 11, 15]"
192,"ищудомработницу,центр","[1, 6, 16]"
193,"сдамдом,участок6соток","[1, 4, 8, 15, 16]"
194,куплюконструкторLego,"[5, 16]"
195,ищухудожникадляпортрета,"[3, 12, 15]"
196,"новыйблендер,гарантия","[5, 13]"
197,"куплювидеокамеру,недорого","[5, 10, 17]"
198,ищурепетиторапохимии,"[3, 13, 15]"
199,"сдамдачу,лесрядом","[4, 9, 11, 12]"
200,куплюзимниешины,"[5, 11]"
201,ищугидапоМоскве,"[3, 7, 9]"
202,новаялюстрапотолочная,"[5, 11]"
203,"куплюковёр,шерстяной","[5, 11]"
204,ищуарендугаража,"[3, 9]"
205,сдамквартирусбалконом,"[4, 12, 13]"
206,куплюудочкудлярыбалки,"[5, 11, 14]"
207,"ищукомпозитора,музыка","[3, 15]"
208,"новыйтостер,черный","[5, 12]"
209,куплюстоловыеприборы,"[5, 13]"
210,ищуинженерапоремонту,"[3, 11, 13]"
211,"сдампарковку,центр","[4, 13]"
212,куплюрезинузимнюю,"[5, 11]"
213,ищуактерадлясъемок,"[3, 9, 12]"
214,новаяплитаэлектрическая,"[5, 10]"
215,куплювидеокартуRTX,"[5, 15]"
216,"ищуюриста,оформлениедоговора","[3, 10, 20]"
217,"сдамсклад,сухоепомещение","[4, 10, 15]"
218,куплюкомодбелый,"[5, 10]"
219,"ищуплиточника,срочно","[1, 3, 14]"
220,новаялампанастольная,"[5, 10]"
221,"куплюскейтборд,новый","[5, 6, 15]"
222,сдамкомнатусремонтом,"[4, 11, 12]"
223,куплюроутерTP-Link,"[5, 11, 13, 14]"
224,ищупарнядлясъёмок,"[3, 8, 11]"
225,"новыйковёр,мягкий","[5, 11]"
226,куплючасыCasio,"[5, 9]"
227,ищупоставщикаовощей,"[3, 13, 14]"
228,"сдамстудию,центргорода","[4, 11, 16]"
229,куплюпылесосмоющий,"[5, 9, 11]"
230,ищудизайнераинтерьера,"[3, 12]"
231,"новыйхолодильник,белый","[5, 17]"
232,"ищуняню,полныйдень","[1, 3, 8, 14]"
233,сдамквартирустехникой,"[4, 12, 13]"
234,куплюплитугазовую,"[5, 10]"
235,ищуврачакардиолога,"[3, 8]"
236,новыйчайникэлектрический,"[5, 11]"
237,куплюстульядеревянные,"[5, 11]"
238,ищуповаравкафе,"[3, 9, 10]"
239,сдамдомнамесяц,"[1, 4, 7, 9]"
240,куплюавтомобильбу,"[5, 15]"
241,ищупрограммистаpython,"[3, 15]"
242,новаяпосудомойкаBosch,"[5, 16]"
243,куплюкамеруCanon,"[5, 11]"
244,ищуработубариста,"[3, 9]"
245,"сдамстудию,срочно","[4, 11]"
246,куплюайфон15про,"[5, 10, 12]"
247,сдамквартирувцентре,"[4, 12, 13]"
248,ищуработупрограммистом,"[3, 9]"
249,новаямебельвналичии,"[5, 11, 12]"
250,куплютелевизорSamsung,"[5, 14]"
251,ищутаксидоаэропорта,"[3, 7, 8, 10]"
252,срочноотдамкотенка,"[6, 11]"
253,куплюхолодильникбу,"[5, 16]"
254,сдаюдачусбаней,"[4, 8, 9]"
255,куплювелосипедновый,"[5, 14]"
256,ищустудиюбезмебели,"[3, 9, 12]"
257,сдамкомнатунамесяц,"[4, 11, 13]"
258,куплюмониторSamsung,"[5, 12]"
259,ищусобакухаски,"[3, 7]"
260,новаякурткадоставказавтра,"[5, 11, 19]"
261,куплютелевизорLG,"[5, 14]"
262,ищуучителяиспанского,"[3, 10]"
263,сдамгаражсрочно,"[4, 9]"
264,куплюноутбукLenovo,"[5, 12]"
265,ищуквартирупосуточно,"[3, 11, 13]"
266,новыйстолистулья,"[5, 9, 10]"
267,куплютелефонPixel,"[5, 12]"
268,ищуврачастоматолога,"[3, 8, 9, 15]"
269,сдаюофисваренду,"[4, 8, 9]"
270,куплюгитаруGibson,"[5, 11]"
271,ищуработукурьером,"[3, 9]"
272,новыйноутбукMSI,"[5, 12]"
273,куплюмикроволновкуLG,"[5, 18]"
274,ищудевушкудляпрогулок,"[1, 3, 10, 13]"
275,сдамскладнедорого,"[4, 9]"
276,куплюайпадбу,"[5, 10]"
277,ищусобакутаксу,"[3, 9]"
278,куплюкомпьютерMac,"[5, 14]"
279,ищурепетиторапофизике,"[3, 13, 15]"
280,сдамквартирупосуточно,"[4, 12, 14]"
281,куплюдиванкожаный,"[3, 7, 10]"
282,ищуработудизайнером,"[3, 9]"
283,новыйхолодильникдоставка,"[5, 16]"
284,куплютелевизорOLED,"[5, 14]"
285,ищустудиюсремонтом,"[3, 9, 10]"
286,сдамкомнатубезмебели,"[4, 11, 14]"
287,куплюпылесосXiaomi,"[5, 11, 12]"
288,ищурепетиторапорусскому,"[3, 13, 15]"
289,новаямебельназаказ,"[5, 11, 13]"
290,куплюнаушникиSony,"[5, 13]"
291,ищумастерапомебели,"[3, 10, 12]"
292,сдамдачуналето,"[4, 8, 10]"
293,ищуработутестировщиком,"[3, 9]"
294,новыйтелефонHonor,"[5, 12]"
295,куплюматрасбу,"[5, 7, 10, 11]"
296,ищусобакубигля,"[3, 7, 8]"
297,сдамгаражвцентре,"[4, 9, 10]"
298,куплюноутбукAcer,"[5, 12]"
299,ищустудиюнадлительныйсрок,"[3, 9, 11, 21]"
300,новыйдиванвналичии,"[5, 10, 11]"
301,куплюстолобеденный,"[5, 9]"
302,ищуврачатерапевта,"[3, 8]"
303,сдаюквартирусремонтом,"[4, 12, 13]"
304,куплюмиксерBosch,"[5, 11]"
305,ищуподработкувечером,"[3, 13]"
306,новаякурткамужская,"[5, 11]"
307,куплютелевизорJVC,"[5, 14, 16]"
308,ищурепетиторапоинформатике,"[3, 13, 15]"
309,сдамдомуморя,"[4, 8]"
310,куплюпланшетHuawei,"[5, 12]"
311,ищуработуменеджером,"[3, 9]"
312,новыйноутбукDell,"[5, 12]"
313,куплюкреслокомпьютерное,"[5, 11]"
314,ищусобакуджекрассел,"[3, 7, 13]"
315,сдамстудиюбезпосредников,"[4, 10, 13]"
316,куплювелосипедGiant,"[5, 14]"
317,ищуврачахирурга,"[3, 8, 9, 10]"
318,новыйпылесосдоставка,"[5, 12]"
319,куплюайфон13,"[5, 10]"
320,сдамкомнатудлядевушки,"[4, 11, 14]"
321,куплюхолодильникновый,"[5, 16]"
322,ищуработуводителем,"[3, 9]"
323,новыйдиванугловой,"[5, 10]"
324,ищустудиюсмебелью,"[3, 9, 10]"
325,сдамдачунедорого,"[4, 8]"
326,куплюмикроволновкубу,"[5, 18]"
327,ищусобакупуделя,"[3, 7, 8, 11]"
328,новыйтелевизорTCL,"[5, 14]"
329,куплюноутбукAsus,"[5, 12]"
330,ищуучителяфранцузского,"[3, 10]"
331,ищурепетиторапоалгебре,"[3, 13, 15]"
332,новаякухнявналичии,"[5, 10, 11]"
333,куплюкомпьютерDell,"[5, 14]"
334,ищуработупродавцом,"[3, 9]"
335,куплютелевизорSharp,"[5, 14]"
336,ищусобакулайку,"[3, 7, 9]"
337,продамдиванбу,"[6, 11]"
338,2024год,[4]
339,ищуработупрограммистомудаленно,"[3, 9, 23]"
340,"холодильниксломался,помогитесрочно","[11, 20, 28]"
341,АВТОМОЙКАРЯДОМ,"[7, 11]"
342,телевизорLG55,"[9, 11]"
343,МоскваIkeaдоставка,"[6, 10]"
344,срочноищуквартирууметро,"[6, 9, 17, 18]"
345,"ноутбукневключается,чтоделать?","[7, 9, 20, 23]"
346,новыйстолIkeaдоставка,"[5, 9, 13]"
347,продаюкошкувхорошиеруки,"[6, 11, 12, 19]"
348,Windows11незапускается,"[7, 9, 11]"
349,продаюPlaystation5почтиновая,"[6, 17, 18, 23]"
350,квартирасремонтомимебелью,"[8, 9, 17, 18]"
351,"Avitoнеоткрывается,помогите","[5, 7, 19]"
352,хочукупитьвелосипедбу,"[4, 10, 19]"
353,ищурепетиторапоматематике,"[3, 13, 15]"
354,сушидоставканочью,"[4, 12]"
355,нужнапомощьвпереездесрочно,"[5, 11, 12, 20]"
356,айфон14промакс,"[5, 7, 10]"
357,ищуключиотмашины,"[3, 8, 10]"
358,Сбербанкнеработаетбанкомат,"[8, 10, 18]"
359,продаюкомодбуторг,"[6, 11, 13, 14]"
360,куплюцветырозытюльпаны,"[5, 10, 14]"
361,хочузаказатьтаксиваэропорт,"[4, 12, 16, 17, 18]"
362,ищудомвдеревненалето,"[1, 6, 7, 14, 16]"
363,куплюноутбукдляигр,"[5, 12, 15]"
364,отдамдаромстарыйшкаф,"[5, 10, 16]"
365,ищумастерапоремонтуноутбуков,"[3, 10, 12, 19]"
366,автосервиспоблизости,"[10, 12]"
367,продаюiPhoneXR,"[6, 12, 13]"
368,ищуквартирувМосквенедорого,"[3, 11, 12, 18]"
369,собакапотеряласьнаулице,"[6, 16, 18]"
370,ищуработуофициантомвечером,"[3, 9, 19]"
371,подарюкотенкахорошимлюдям,"[6, 13, 20]"
372,SamsungA54новый,"[7, 10]"
373,квартирастудиядолгосрочно,"[8, 14]"
374,ИвановИванСергеевич,"[6, 10]"
375,ищуавтозапчастинаВАЗ,"[3, 15, 17]"
376,сломалсяпылесосSamsung,"[8, 15]"
377,срочнонуженмастер-сантехник,"[6, 11, 17, 18]"
378,ищудешевыеавиабилеты,"[1, 3, 10]"
379,куплюбилетывтеатр,"[3, 7, 11, 12]"
380,новыйхолодильникдешево,"[5, 16]"
381,iPhone15Pro,"[6, 8]"
382,ремонтобувирядом,"[6, 11]"
383,сдамкомнатустуденту,"[4, 11, 14]"
384,хочузаказатьсуши!,"[4, 12]"
385,"ноутбукзависаетчасто,чтоделать","[7, 15, 21, 24]"
386,ЯндексЕданеработает,"[6, 9, 11]"
387,ищузапчастинаВАЗ2107,"[3, 11, 13, 16]"
388,ремонтiPhoneбыстро,"[6, 12]"
389,хочукупитьсамокатребенку,"[4, 10, 15, 16, 17]"
390,ищурепетиторапоанглийскому,"[3, 13, 15]"
391,сдаюквартирупосуточно,"[4, 12, 14]"
392,доставкаедыМосква,"[8, 11]"
393,продамкурткубу,"[6, 12]"
394,куплюколесазима,"[5, 11]"
395,ремонткомпьютеровнедорого,"[6, 17]"
396,продаюстулIkea,"[6, 10]"
397,автостеклозамена,[10]
398,нуженмастерпомебели,"[5, 11, 13]"
399,куплюдетскуюколяску,"[5, 12]"
400,продаюXboxSeriesS,"[6, 10, 16]"
401,хочукупитьмороженое,"[4, 10]"
402,ремонтiPhoneМосква,"[6, 12]"
403,хочукофелатте,"[4, 11]"
404,"IKEAзакрылась,чтоделать?","[4, 14, 17]"
405,ищуподругудляобщения,"[3, 5, 10, 13]"
406,срочнонуженрепетитор,"[6, 11]"
407,"потерялпаспорт,помогите","[7, 15]"
408,куплюдетскиевещи,"[5, 12]"
409,ремонтiPhoneсрочно,"[6, 12]"
410,ищуавтоспробегом,"[3, 7, 8]"
411,куплюiPhone12,"[5, 11]"
412,новыйдивандоставка,"[5, 10]"
413,квартирасремонтомнедорого,"[8, 9, 17]"
414,хочукупитьтелевизорSamsung,"[4, 10, 19]"
415,срочнопродаювелосипедбу,"[6, 12, 21]"
416,ищустудентадляпомощи,"[3, 11, 14]"
417,МоскваСбербанкбанкомат,"[6, 14]"
418,ищумебельбунедорого,"[3, 5, 11, 13]"
419,ноутбукAsusROG,"[7, 11]"
420,хочузаказатьпиццу,"[4, 12]"
421,сдаюквартирунамесяц,"[4, 12, 14]"
422,ищудешёвыйтелефон,"[1, 3, 10]"
423,продаммониторбу,"[6, 13]"
424,ищуспециалистапоремонту,"[3, 14, 16]"
425,куплюгитарунедорого,"[5, 7, 11]"
426,ищукнигупоистории,"[3, 8, 10]"
427,старыйтелевизорработает,"[6, 15]"
428,куплюсамокатдетский,"[5, 12]"
429,"ищусобаку,пропала","[3, 10]"
430,Аятанцуюпьяныйподдождём,"[1, 2, 8, 14, 17]"
431,"Курилитолькосиги,есличё","[5, 6, 12, 17, 21]"
432,Нашобразжизнистанетпалачом,"[3, 8, 13, 19]"
433,Нискольконежалеюниочём,"[2, 9, 11, 16, 18, 19]"
434,"Грустно,когдарасписанывсемаршруты","[8, 13, 22, 25]"
435,Когданачасахважныминуты,"[5, 7, 12, 17, 19]"
436,Ивсенасветесталокак-тоскучноиглупо,"[1, 4, 6, 11, 16, 22, 28, 29]"
437,"Мояшизазнает,когданажатьнаплей","[5, 13, 18, 24, 26]"
438,"Неждименяродная,закрывайназамокдверь","[5, 9, 16, 26, 31]"
439,"Утродоброе,держименяфонарь","[4, 11, 16, 20]"
440,"Очкитёмные,спрячьтемнеглаза","[4, 11, 17, 19, 20, 22]"
441,"Солнцеяркое,прошусогрейменя","[6, 12, 17, 18, 19, 23]"
442,"Быловесело,ноябнеповторял","[4, 11, 13, 15, 17]"
443,Якалендарьперевернул,"[1, 10]"
444,Исноватретьесентября,"[1, 6, 12]"
445,Нафотоятвоёвзгляну,"[2, 6, 7, 8, 11]"
446,"Нопочему,нопочему","[2, 9, 11]"
447,Расстатьсявсёженампришлось?,"[10, 13, 15, 18]"
448,Ведьбыловсёунасвсерьёз,"[4, 8, 11, 12, 15, 16, 20]"
449,Второгосентября,[7]
450,Журавлейбелыйклин,"[8, 13]"
451,Твоядочьимойсын—,"[4, 8, 9, 12, 15]"
452,Всехотяттеплотыиласки,"[3, 8, 15, 16]"
453,"Мывлюбовь,каквигру,","[2, 3, 10, 13, 14]"
454,Нахолодномветру,"[2, 10]"
455,Поигралистобой,"[8, 9]"
456,Нопришёлсамсобой,"[2, 8, 11]"
457,"Выцветшаятень,выжженнаяна","[9, 14, 23]"
458,Городскомландшафтеменязовёт,"[9, 18, 22]"
459,Окнаянтарёмлижутмнеглаза,"[4, 8, 11, 16, 19]"
460,Кровьислепотаволокутвперёд,"[5, 6, 7, 9, 13, 20, 21]"
461,Лёгкиеопухли,[6]
462,Амороксквозьтолпу,"[1, 6, 8, 12]"
463,"Манит,игнорируяменя","[6, 7, 15]"
464,Толькобыдогнал,"[6, 8]"
465,Яегопочтидогнал,"[1, 4, 9]"
466,Телоисполняетсяогня,"[4, 15]"
467,"Сердцелупитмневгрудь,каквгонг","[6, 11, 14, 15, 21, 24, 25]"
468,Расползаясьпососудамраскатами,"[11, 13, 20]"
469,Ветхийгородприменяетзакон,"[6, 11, 20]"
470,Чтобыдваблизнецаоказалисьразъятыми,"[5, 8, 16, 25]"
471,"Ядавлюсь,изрыгаяогонь","[1, 9, 16]"
472,Глоткамивоздуха,[8]
473,Наальвеолахраспятыми,"[2, 7, 11]"
474,Вэтомстробоскопическомкино,"[1, 5, 10, 22]"
475,Длядостижениярубежа,"[3, 13]"
476,"Мненехватаетдыхания,но","[3, 5, 12, 20]"
477,Япродолжаючтоестьмочибежать,"[1, 10, 13, 17, 21]"
478,Толькоменябеспокоитодно,"[6, 10, 19]"
479,Лёгкиебудтопоеларжа,"[6, 11, 15, 16]"
480,Япродолжаюзанимбежать,"[1, 10, 12, 15]"
481,"Яананас,ятакойжекакон","[1, 2, 4, 8, 9, 14, 16, 19]"
482,Колючийвнутриисовсехсторон,"[7, 13, 14, 16, 20]"
483,Нешутисомной,"[2, 5, 6, 8]"
484,Ятропическийлев,"[1, 12]"
485,АркадийУкупник—кусающийлжец,"[7, 14, 15, 23]"
486,"Тот,ктовпятнадцатьлетубежализдома,","[4, 7, 8, 18, 21, 22, 27, 29]"
487,"Врядлипойметтого,ктоучилсявспецшколе.","[4, 6, 12, 17, 20, 26, 27]"
488,"Тот,укогоестьхорошийжизненныйплан,","[4, 5, 9, 13, 20, 29]"
489,Врядлибудетдуматьочем-тодругом.,"[4, 6, 11, 17, 18, 24]"
490,"Мыпьемчайвстарыхквартирах,","[2, 6, 9, 10, 16]"
491,"Ждемлетавстарыхквартирах,","[4, 8, 9, 15]"
492,"Встарыхквартирах,гдеестьсвет,","[1, 7, 17, 20, 24]"
493,"Газ,телефон,горячаявода,","[4, 12, 19]"
494,"Радиоточка,пол-паркет,",[11]
495,"Санузелраздельный,домкирпичный,","[3, 7, 18, 21]"
496,"Однасемья,двесемьи,трисемьи...","[4, 10, 13, 19, 22]"
497,"Многоподсобныхпомещений,","[5, 14]"
498,"Первыйипоследний-непредлагать,","[6, 7, 16, 17, 19]"
499,"Рядомсметро,центр...","[5, 6, 12]"
500,"Всеговорят,чтомыв-месте...","[3, 11, 14, 16]"
501,"Всеговорят,нонемногиезнают,вкаком.","[3, 11, 13, 15, 21, 27, 28]"
502,Аизнашихтрубидетнеобычныйдым.,"[1, 3, 8, 12, 16, 18, 25]"
503,Стой!Опаснаязона!Работамозга!..,"[1, 5, 12, 17, 23]"
504,Пожалуйстанеумирай,"[7, 10, 12, 13, 17]"
505,Илимнепридетсятоже,"[3, 6, 14]"
506,Тыконечносразуврай,"[2, 9, 14, 15]"
507,Аянедумаючтотоже,"[1, 2, 4, 9, 12]"
508,Хочешьсладкихапельсинов,"[6, 13]"
509,Хочешьвслухрассказдлинный,"[6, 7, 11, 18]"
510,Хочешьявзорвувсезвезды,"[6, 7, 8, 13, 16]"
511,Чтомешаютспать,"[3, 9]"
512,Пожалуйстатолькоживи,"[10, 16]"
513,Тыжевидишьяживутобою,"[2, 4, 11, 16, 17]"
514,Моейогромнойлюбви,"[4, 12]"
515,Хватитнамдвоимсголовою,"[6, 9, 14, 15]"
516,Хочешьмореспарусами,"[6, 10, 11]"
517,Хочешьмузыкновыхсамых,"[6, 11, 16]"
518,Хочешьяубьюсоседей,"[6, 7, 11, 12]"
519,Хочешьсолнцевместолампы,"[6, 13, 18]"
520,ХочешьзаокошкомАльпы,"[6, 8, 15]"
521,Хочешьяотдамвсепесни,"[6, 7, 12, 15]"
522,Протебяотдамвсепесни,"[3, 7, 12, 15]"
523,"Яискалатебягодамидолгими,","[1, 2, 7, 11, 17]"
524,Искалатебядворамитемными.,"[1, 6, 10, 17]"
525,"Вжурналах,вкино,средидрузей.","[1, 10, 11, 16, 21]"
526,"Вдень,когданашла,сумасошла.","[1, 6, 11, 17, 18, 21]"
527,"Ты,совсемкаквосне,","[3, 9, 12, 13, 14]"
528,"Совсемкаквальбомах,","[6, 9, 10]"
529,Гдеярисовалатебягуашью.,"[3, 4, 12, 16]"
530,"Дальшебылизвонки,ночныебольше.","[6, 10, 17, 23]"
531,"Слезы,нервы,любовьистрелкивПольше.","[6, 12, 18, 19, 26, 27]"
532,"Дети,нонемои,старыезазнобы,","[5, 7, 9, 13, 19, 21]"
533,"Куришькаждыепять,мыусталиоба.","[6, 12, 17, 19, 25]"
534,...годамидолгими.,[9]
535,...ночамитемными.,[9]
536,"Искалатебядворамитемными,","[1, 6, 10, 17]"
537,"Вжурналах,вкино,годамидолгими,","[1, 10, 11, 16, 22]"
538,"Искалатебяночами,чами,чами,чами...","[1, 6, 10, 17, 22, 27]"
539,Большиегорода,[7]
540,Пустыепоезда,[6]
541,Нибереганидна,"[2, 4, 8, 9, 10]"
542,Всеначинатьсначала,"[3, 11, 12]"
543,Холоднаявойна,[8]
544,Ивремякаквода,"[1, 6, 9]"
545,Оннесошелсума,"[2, 4, 9, 10]"
546,Тыничегонезнала,"[2, 8, 10]"
547,Полковникуниктонепишет,"[10, 15, 17]"
548,Полковниканиктонеждет,"[10, 15, 17]"
549,Налинииогня,"[2, 7]"
550,Пустыегорода,[6]
551,Вкоторыхникогда,"[1, 8]"
552,Тыраньшенебывала,"[2, 8, 10]"
553,Ирвутсяпоезда,"[1, 7]"
554,Натонкиеслова,"[2, 8]"
555,Ясижуисмотрювчужоенебоизчужогоокна,"[1, 5, 6, 12, 13, 18, 22, 24, 30]"
556,Иневижуниоднойзнакомойзвезды.,"[1, 3, 7, 9, 14, 22]"
557,"Яходилповсемдорогамитуда,исюда,","[1, 6, 8, 12, 19, 20, 25, 26]"
558,Обернулся-инесмогразглядетьследы.,"[9, 10, 11, 13, 17, 27]"
559,"Ноеслиестьвкарманепачкасигарет,","[2, 6, 10, 11, 18, 23]"
560,Значитвсенетакужплохонасегодняшнийдень.,"[6, 9, 11, 14, 16, 21, 23, 34]"
561,"Ибилетнасамолетссеребристымкрылом,","[1, 3, 6, 8, 15, 16, 27]"
562,"Что,взлетая,оставляетземлелишьтень.","[4, 12, 21, 26, 30]"
563,"Иниктонехотелбытьвиноватымбезвина,","[1, 6, 8, 13, 17, 26, 29]"
564,"Иниктонехотелрукамижарзагребать,","[1, 6, 8, 13, 18, 19, 22]"
565,"Абезмузыкинамирусмертьнекрасна,","[1, 4, 10, 12, 16, 22, 24]"
566,Абезмузыкинехочетсяпропадать.,"[1, 4, 9, 10, 12, 19]"
567,"Призрачновсевэтоммиребушующем,","[9, 12, 13, 17, 21]"
568,Естьтолькомиг-занегоидержись.,"[4, 10, 13, 14, 16, 20, 21]"
569,"Естьтолькомигмеждупрошлымибудущим,-","[4, 10, 13, 18, 25, 26, 34]"
570,Именноонназываетсяжизнь.,"[6, 8, 18]"
571,"Вечныйпокойсердцеврядлиобрадует,","[6, 11, 17, 18, 21, 23]"
572,Вечныйпокой-дляседыхпирамид.,"[6, 11, 12, 15, 20]"
573,"Адлязвезды,чтосорваласьипадает","[1, 4, 11, 14, 23, 24]"
574,"Естьтолькомиг,ослепительныймиг.","[4, 10, 14, 27]"
575,"Пустьэтотмирвдальлетитсквозьстолетия,","[5, 9, 12, 13, 17, 22, 28]"
576,"Ноневсегдаподорогемнесним,","[2, 4, 10, 12, 18, 21, 22]"
577,"Чемдорожу,чемрискуюнасветея?","[3, 10, 13, 19, 21, 26]"
578,"Мигомодним,толькомигомодним.","[5, 11, 17, 18, 22]"
579,Счастьеданоповстречатьильбедуеще,"[7, 11, 22, 29]"
580,Естьтолькомиг-занегоидержись!,"[4, 10, 13, 14, 16, 20, 21]"
581,Волкиуходятвнебеса.,"[5, 11, 12, 14]"
582,Горятхолодныеглаза.,"[5, 13]"
583,Приказаверитьвчудеса,"[5, 7, 13, 14, 18]"
584,Непоступало.,[2]
585,"Икаждыйденьдругаяцель,","[1, 7, 11, 17]"
586,"Тостеныгор,тогорыстен","[2, 7, 11, 15]"
587,Иждётотчаянныхгостей,"[1, 5, 14]"
588,Чужаястая.,[5]
589,"Спиной,",[1]
590,Кветруивсёже,"[1, 6, 7, 10]"
591,Вырватьсяможет,[9]
592,Чья-тодуша.,[6]
593,"Спасёт,",[]
594,Нонепоможет,"[2, 4]"
595,"Чувствуюкожей,",[8]
596,Пропащая.,[]
597,"Непомнятслов,невидятснов","[2, 8, 13, 15, 20]"
598,Перерослисвоихотцов.,"[9, 14]"
599,"И,кажется,рукабойцов","[2, 10, 14]"
600,Колотьустала.,[6]
601,Позорислававихкрови,"[5, 6, 11, 12, 14]"
602,Хватаетсмертиилюбви,"[7, 13, 14]"
603,Носкольковолканекорми,"[2, 9, 14, 16]"
604,Емувсемало.,"[3, 6]"
605,"Волкиуходят,",[5]
606,Волкиуходят...,[5]
607,"Всёизчегомоисомнениясотканы,тонко.","[3, 5, 9, 12, 20, 21, 28]"
608,"Какойчудесныйдень,мояструитсялень","[5, 13, 18, 21, 29]"
609,Награнипросветления,"[2, 6, 7]"
610,Сияетшамбалаинежитсядуша,"[5, 12, 13, 15, 20]"
611,Внирваневоскресения.,"[1, 8]"
612,"О,каклегкомоивоспоминаниявыцвели","[2, 5, 8, 10, 13, 25]"
613,Ктоятакойипочемусбиваютсямысли.,"[3, 4, 9, 10, 16, 25]"
614,"Верхомназвезде,","[6, 8]"
615,"Вцепившисьвлучи,","[3, 10, 11]"
616,Слунойнаповодке,"[6, 8]"
617,Вночи,[1]
618,Верхомназвезде,"[6, 8]"
619,"Несусьнавстречуветрам,","[6, 8, 15]"
620,Кнесбывшейсямечте,"[1, 4, 12]"
621,Иснам,"[1, 2]"
622,"О,жизнь,тыпрекрасна,","[2, 8, 10]"
623,"О,жизнь,тыпрекраснавполне.","[2, 8, 10, 17, 19]"
624,Бываешьнемногоопасна.О-е.,"[7, 14]"
625,"Возьмимоесердце,","[5, 6, 9]"
626,"Храни,вспоминайобомне,","[6, 15, 18]"
627,"Поверьмне,чтовсененапрасно.","[6, 10, 13, 16, 18]"
628,"Надлесом,рекой,","[3, 9]"
629,Потеряннавсегда,"[7, 9]"
630,Покой.,[2]
631,Верхомназвезде.,"[6, 8]"
632,Mitornodiaboloesta.,"[5, 10, 17]"
633,Билетводинконец—,"[5, 6, 10, 15]"
634,Весна,[3]
635,Исоздалэтотмир,"[1, 7, 11]"
636,Ясам,[1]
637,Верьмне…,"[4, 7]"
638,Ямаленькаялошадка,"[1, 10]"
639,Имнеживётсянесладко,"[1, 4, 11, 13]"
640,Мнетруднонестимоюношу,"[3, 9, 11, 16, 17]"
641,"Настанетдень,ияеёброшу","[8, 13, 14, 15, 17]"
642,Ностоюоченьмногоденег,"[2, 3, 6, 11, 16]"
643,Иявезусвоюбольшуюповозку,"[1, 2, 6, 10, 17]"
644,Стогонаэтотберег,"[1, 5, 7, 11]"
645,"Мнехочетсяплакать,мнехочетсясмеяться","[3, 10, 18, 21, 28]"
646,"Мнехочетсяпрыгать,валятьсяибрыкаться","[3, 10, 18, 26, 27]"
647,"Чтобыбылидрузьяили,хотябыодин","[5, 9, 15, 19, 23, 25]"
648,"Нояработаю,каквол,вмоейтележкекокаин","[2, 3, 11, 14, 18, 19, 23, 30, 35]"
649,"Яумруоченьрано,иязнаюобэтом","[1, 5, 10, 15, 16, 17, 21, 23]"
650,"Можетбытьневесной,можетбытьраннимлетом","[5, 9, 18, 23, 27, 33]"
651,"Ялюблюслушатьпесни,икостранюхатьдым","[1, 6, 13, 19, 20, 21, 27, 32]"
652,"Нонельзямнеотвлекаться,явезукокаин","[2, 8, 9, 11, 23, 24, 28, 32, 33]"
653,"Яусталаужасно,яхочуотдохнуть","[1, 7, 14, 15, 19]"
654,Съестьмешковдесятьсенаинадолгоуснуть,"[6, 11, 12, 18, 22, 23, 30]"
655,Яхочукперелётнымптицамвклинитьсявклин,"[1, 5, 6, 16, 22, 32, 33]"
656,"Ноработаважней,заспинойкокаин","[2, 8, 15, 17, 23, 28]"
657,"Мнепротивноитрудно,нонельзяотступить","[3, 11, 12, 19, 21, 27]"
658,"Хотьихочетсяесть,хотьихочетсяпить","[4, 5, 12, 17, 21, 22, 29]"
659,Мыкогда-нибудьзаэтовадскомпламенисгорим,"[2, 7, 8, 14, 16, 19, 20, 26, 31, 33, 34]"
660,"Новсёэтопотом,авданныймоменткокаин","[2, 5, 8, 14, 15, 16, 22, 28]"
661,"Мнеобидно,икапаютслёзы","[3, 10, 11, 17]"
662,Когдамнеподногикидаютрозы,"[5, 8, 15, 17, 21]"
663,Когдалюдинаулицахивокнахквартир,"[5, 9, 11, 17, 18, 19, 24]"
664,Менявстречаютиустраиваютпирнавесьмир,"[4, 13, 14, 24, 27, 29, 33]"
665,Мнерадыдажемалыедети,"[3, 7, 11, 16]"
666,Мнемашутдажедеревьевветви,"[3, 8, 12, 19, 20]"
667,"Меняприветствуютвсе,все,какодин","[4, 16, 20, 24, 27]"
668,Япривезлаимновыймир,"[1, 9, 11, 16]"
669,Япривезлакокаин,"[1, 9, 10, 14]"
670,ВпиласьзанозойвсердцемоестрелаКупидона,"[7, 9, 14, 15, 21, 24, 30, 34]"
671,Хочетсявытащитьиникогданедуматьобэтом,"[7, 15, 16, 23, 25, 31, 33]"
672,Больнестерпимаимнедосихпорбыланезнакома,"[4, 6, 7, 14, 15, 16, 18, 20, 23, 26, 30, 32]"
673,Солнцебезжалостновыжглоглазасвоимяркимсветом,"[6, 17, 23, 26, 28, 33, 38]"
674,"Однаонаповсюду,гдебынескрылсяя","[4, 7, 9, 15, 18, 20, 22, 29]"
675,Вовсехглазахилицахтолькооднаона,"[2, 6, 12, 13, 18, 24, 28]"
676,"Большенетместа,гдебыямогзализыватьраны","[6, 9, 15, 18, 20, 21, 24, 27, 34]"
677,Крыльяразбитыителомоевовластигангрены,"[6, 13, 14, 18, 21, 23, 29]"
678,"Силбольшенет,нетсна,лишьстрахпостоянный","[3, 9, 13, 16, 20, 24, 29]"
679,Лишьголоствойвмоейголовеибелыестены,"[4, 13, 14, 18, 24, 25, 30]"
680,Лишьоднаона,"[4, 8]"
681,ВпилосьзанозойвсердцемоестрелаКупидона,"[7, 9, 14, 15, 21, 24, 30, 34]"
682,Злобныйуродецникакнеоставитвпокое,"[7, 13, 18, 20, 27, 28]"
683,"Пустьбудетбольно,силынайдуивыдернускорнем","[5, 10, 17, 21, 26, 27, 34, 35]"
684,"Новаяжизнь.Нужнопонять,чтоэтотакое","[5, 11, 16, 23, 26, 29]"
685,Лишьона,[]
686,Жизньиногдавыпускаетжало,"[5, 11, 20]"
687,"Стираяпрошлое,словновирус","[6, 14, 18, 21, 22]"
688,Икхоккеистуженасбежала,"[1, 2, 7, 8, 10, 11, 13, 15]"
689,Инаработеполнешийминус,"[1, 3, 9, 17]"
690,Нонашгерой–несдаётся,"[2, 5, 10, 11, 13]"
691,"Слезыутри,","[5, 6]"
692,Пожизниидётисмеётся,"[2, 7, 11, 12]"
693,"Вотон,смотри","[3, 6]"
694,Онсамыйсчастливыйизнас,"[2, 7, 17, 19]"
695,Избранныйнебесами,[9]
696,ОнВам–нестарыйбаркас,"[2, 5, 6, 8, 14]"
697,Афрегатспарусами,"[1, 7, 8]"
698,Вчёмжепричинатогда?,"[1, 4, 6, 13]"
699,Триобычныестрочки,"[3, 10]"
700,Ждутегодомавсегда,"[4, 7, 11]"
701,Егопапиныдочки,"[3, 9]"
702,Онпомогаетдобрымсоветом,"[2, 10, 16]"
703,Имудрымсловомонлечитдуши,"[2, 7, 13, 15, 20]"
704,"Навсевопросы,онзнаетответы","[2, 5, 13, 15, 20]"
705,"Всегдаподскажет,каксделатьлучше","[6, 16, 19, 26]"
706,Ачтоегождётвпереди?,"[1, 4, 7, 11]"
707,Тамвсёнетакгладко,"[3, 6, 8, 11]"
708,Новсёжеонпобедит,"[2, 5, 7, 9]"
709,Парень–загадка,"[6, 7]"
710,Поминутамосыпается,"[2, 6, 9]"
711,Ожиданиеневозможного,[8]
712,Раннимутромпросыпается,"[6, 11]"
713,Отдвижениянеосторожного.,"[2, 10]"
714,Какмолчаниеледянойзимы,"[3, 11, 18]"
715,"Насзакуталонеизвестностью,","[3, 11]"
716,"Здесьтакдолгодругдругаискалимы,","[5, 8, 13, 17, 22, 23, 28]"
717,"И,конечно,пропалибезвести","[2, 10, 17, 20]"
718,Простится,[]
719,"Нетусил,закрываю,","[2, 3, 8]"
720,"Яглазазакрываю,","[1, 6]"
721,Сквозьтумануплываю,"[6, 8, 11, 12]"
722,Поаллеямстолицы,"[2, 8]"
723,Запотерейпотеря,"[2, 9]"
724,Игодаполетели,"[1, 5]"
725,Задождямиметели,"[2, 9]"
726,Перелетныептицы,[10]
727,Тольконочьюнемогууснуть,"[6, 11, 13, 17]"
728,Странныйхолодвсердцепрячется,"[8, 13, 14, 20]"
729,Чтослучилось?–скажитемнекто-нибудь,"[3, 14, 19, 21, 24, 28]"
730,Толькоосеньвокномнерасплачется,"[6, 11, 12, 17, 19]"
731,Вподоконникмойбьютсягорошины,"[1, 11, 14, 20]"
732,"Тишину,разбиваявесельем,","[7, 15]"
733,Умиралидавнопонемножкумы,"[7, 12, 14, 22]"
734,"И,наверное,былоспасение","[2, 11, 15]"
735,Времясмотритспокойноспрезрением,"[5, 12, 20, 21]"
736,Выменяужеверноневспомните,"[2, 6, 9, 14, 16]"
737,Опоздавшееходитпрозрение,"[1, 10, 15, 18]"
738,Помоейгладковыбритойкомнате,"[2, 6, 14, 20]"
739,Недосказаноинедослушенно,"[11, 12]"
740,Сердцебьетсядругимивершинами,"[6, 12, 19]"
741,"Значитвсебезнадежноразрушено,","[6, 7, 9, 11, 19]"
742,"Нузачемже,зачемпоспешилимы","[2, 7, 10, 15, 24]"
743,"Помню,помнюякакмывстретилисьстобою","[6, 11, 12, 15, 17, 28, 29]"
744,"Былконецдня,тыспросилауменясигареточку","[3, 8, 12, 14, 22, 23, 27, 31]"
745,"Яподумал,чтозафигня","[1, 9, 12, 14]"
746,"Сигареткаосталасьвсегоодна,нуладнона...","[9, 17, 22, 27, 29, 34, 36]"
747,Мыпрожилипятнадцатьлет,"[2, 9, 19]"
748,Новоттеперьтыушлатебянет.,"[2, 5, 11, 13, 17, 21]"
749,Нотыушлавсвоеморанжевомплаще,"[2, 4, 8, 9, 14, 23]"
750,"Нутыдаешьвообще,нутыдаешьвообщеблин!","[2, 4, 9, 16, 18, 20, 25, 31]"
751,Нотыушлаинесказала:яскоровернусь,"[2, 4, 8, 9, 11, 19, 20, 25]"
752,"ЧёжетыделаешьЛюсь,как-жеябудуодин","[4, 6, 13, 18, 21, 22, 24, 25, 29]"
753,"Помню,помнюякакпоулицевесенний,","[6, 11, 12, 15, 17, 22]"
754,"Ястобойгулял,мыкупилибанкупиваидвухлещей","[1, 2, 7, 13, 15, 21, 26, 30, 31]"
755,"Тыбыламолода-красива,","[2, 6, 12, 13]"
756,Ипохожанаапельсинавсвоемновомплаще,"[1, 7, 9, 18, 19, 24, 29]"
757,"Иялюбилтебякаксвою,вотитеперьотебеяпою!","[1, 2, 7, 11, 14, 19, 22, 23, 29, 30, 34, 35]"
758,"Помню,помню,какядарилтебе,чтопопросишь","[6, 12, 15, 16, 21, 26, 29]"
759,"Нокакойжедуракябыл,если-бзнал,чтотыменябросишь","[2, 7, 9, 14, 15, 19, 23, 24, 25, 30, 33, 35, 39, 42]"
760,"Сэкономилбы,иялюбилтебяобожал","[9, 12, 13, 14, 19, 23]"
761,"Нуатымневспинукинжал,охнесладкомне","[2, 3, 5, 8, 9, 14, 17, 21, 23, 25, 29, 31, 32]"
762,"Япригрелнагрудизмею,вотитеперьотебеяпою!","[1, 8, 10, 14, 15, 17, 20, 23, 24, 30, 31, 35, 36]"
763,"Ясмотрюнатебя,","[1, 7, 9]"
764,"Втелевизореты,аянадиване.","[1, 5, 11, 14, 15, 16, 18]"
765,"ВгородеNдожди,","[1, 7, 8]"
766,Замыкание+бах!ивсталитрамваи,"[9, 10, 13, 14, 15, 21, 25, 26, 27]"
767,Травмачерепно-мозговаямоялюбовь!,"[6, 14, 22, 25]"
768,"По-по-понаконаплю,иктебедоплыву,долечу,доеду","[8, 14, 18, 19, 20, 24, 32, 34, 39, 41]"
769,"Рядомстобойпоселюсь,тыбудешьрадатакомусоседу!","[5, 6, 11, 20, 22, 28, 32, 38]"
770,"МыизРоссиинародпростой,ятесразускажуЗдорово!","[2, 4, 10, 12, 15, 23, 24, 26, 31, 36]"
771,"АтыулыбнёшьсяискажешьмнеЯтакждалатебя,Вова!","[1, 3, 13, 14, 21, 24, 25, 28, 29, 33, 38]"
772,"Ятакждалатебя,Вова!","[1, 4, 9, 14]"
773,"Втелевизореты,аянадиване","[1, 5, 11, 14, 15, 16, 18]"
774,"ВгородеNзима,","[1, 7, 8]"
775,Скоровыходывсеивходызавалит,"[5, 11, 14, 15, 20, 22, 26]"
776,"Нуяпридубезкрика,безшума,","[2, 3, 8, 11, 17, 20]"
777,"Нунайдукакой-нибудьповод,","[2, 7, 12, 13, 19]"
778,"СкажуНуздравствуй,Ума,","[5, 18]"
779,"ОнаскажетНуздравствуй,Вова.","[3, 9, 22]"
780,Нунадокак-тоотношениязавязывать,"[2, 6, 12, 21]"
781,ЯскажуНукактытутвообщеживаздорова-то?,"[1, 6, 8, 11, 13, 16, 22, 26, 33, 34]"
782,"Онаскажет:'А,вообще,Володька,хреново!'","[3, 10, 13, 20, 29]"
783,Иначнётрассказывать.,"[1, 7]"
784,"Вот,-скажет,-вчера,кпримеру,приходилТарнтино","[4, 5, 12, 13, 19, 20, 28, 36]"
785,"Нажрался,говорит,исталприставатькомне,здоровеннаядетина.","[9, 17, 18, 22, 32, 34, 38, 49]"
786,ЯтогдаемутакстрогосказалаКвентин!,"[1, 6, 9, 12, 18, 25]"
787,"Может,тыконечно,говорит,инезаметил,","[6, 8, 16, 24, 25, 27]"
788,"Новообще-тояждуВолодькуизРоссии,","[2, 8, 9, 11, 12, 15, 23, 25]"
789,"Атебя,говорит,вообщезаходитьнепросили","[1, 6, 14, 20, 28, 30]"
790,"Воттакаябатва,прикинь?","[3, 8, 14]"
791,Бываетнедосмеха,"[6, 10]"
792,"Вобщем,былотруднобезтебя,Вован.","[1, 7, 11, 17, 20, 25]"
793,"Хорошо,чтоприехал","[7, 10]"
794,"Жил-былнасветеАнтонГородецкий,","[3, 4, 7, 9, 14, 19]"
795,"Бросилажена,онгрустилнепо-детски.","[7, 12, 14, 21, 23]"
796,Пришёлкколдунье:'Ану-канаколдуймне!',"[6, 7, 16, 23, 25, 31]"
797,"'Легко,мойхороший,толькохлопнувладоши,","[7, 10, 18, 24, 30]"
798,"Иженавернётся,оттогоотвернётся,","[1, 3, 5, 14, 16, 20]"
799,Ималенькаяжизньвнутринеёоборвётся.',"[1, 10, 15, 21, 24]"
800,Новдругналетелинаведьмутени,"[2, 7, 9, 15, 17, 22, 23]"
801,"Привидений,говорят:'Небыватьпреступленью'","[11, 19, 22, 28]"
802,"Нучтожеты,чтотыпотупилавзор?","[2, 5, 7, 10, 13, 15, 23, 24]"
803,"Сдавайся,ведьма–«НочнойДозор».","[9, 16, 23]"
804,"Итреснулмирнапополам,дымитразлом,","[1, 8, 11, 13, 15, 21, 24, 25, 26]"
805,"Ильётсякровь,идётвойнадобрасозлом.","[1, 7, 13, 17, 22, 27, 29]"
806,"Имеркнетсвет,вуглахпаукплетётузор,","[4, 5, 8, 13, 14, 19, 23, 28]"
807,Потёмнымулицамлетит«ночнойдозор».,"[2, 8, 14, 19, 26]"
808,"ИпонялАнтоха,чтопоступилплохо,","[1, 6, 13, 16, 24]"
809,"Ито,чторазвелаегоколдунья,каклоха.","[1, 4, 7, 10, 14, 17, 26, 29]"
810,"Носила«иного»вантоновомвзоре,","[2, 6, 13, 14, 23]"
811,"Азначит,онбудетработатьв«дозоре».","[1, 8, 10, 15, 23, 24]"
812,"Годыпрошли,Городецкийнетужит,","[4, 11, 21, 23, 25]"
813,"Водочкуглушит,свампирамидружит.","[7, 14, 15, 18, 24]"
814,Начальникхороший–мудрейшийГесер,"[9, 16, 26]"
815,Былзам.министромinUSSR.,"[3, 7, 16, 18]"
816,"Новотвызывают,нужноехатьскорее,","[2, 5, 14, 19, 24]"
817,Вампир-парикмахерсподружкойсвоею,"[6, 7, 17, 18, 27, 31]"
818,"Влоговоксебезаманилиподростка,","[8, 12, 20]"
819,Решилипоужинатьподлоипросто.,"[6, 15, 18, 20, 21]"
820,"Антохауспел,завязаласьдрака,","[6, 12, 22]"
821,"Согромнымтрудом,новсёжубилвурдалака,","[1, 9, 16, 18, 21, 26, 27, 29, 31]"
822,"Ножницамибылтяжелораненвбою,","[8, 9, 12, 18, 23, 24]"
823,"Присмертибыл,можносказатьнакраю.","[3, 9, 13, 18, 25, 27]"
824,"НодобрыйГесереговылечилбыстро,","[2, 8, 16, 23]"
825,"Ещебы,абыкогонеберутвзамминистры.","[3, 6, 7, 9, 13, 15, 20, 21]"
826,"Адальше-бедазабедой,какпонотам:","[1, 7, 8, 12, 20, 23, 25]"
827,"Вороназалетелавтурбинусамолёта,","[3, 6, 14, 15, 22]"
828,"Натеплоцентраличего-товзорвалось,","[2, 7, 13, 14, 15, 22]"
829,"АСветавиновнавовсёмоказалась,","[1, 6, 13, 19]"
830,"Но,встретивкрасавцаАнтона,влюбилась,","[3, 11, 19, 26]"
831,Иразрушениеостановилось.,"[1, 11]"
832,НозлойЗавулониз«дозорадневного»,"[6, 13, 15, 22]"
833,СделализсынаАнтона«иного».,"[6, 8, 12, 18]"
834,Икаксэтимсправитсянашгерой?,"[1, 4, 5, 9, 18, 21]"
835,Всенапросмотркартинывторой!,"[3, 5, 13, 20]"
836,"Вгазетахписали,чтотыуезжаешь,","[1, 8, 15, 18, 20]"
837,"Чторейснеотменят,чторейснеотложат.","[3, 7, 9, 17, 20, 24, 26]"
838,"Какие-толюдитебяокружают,","[8, 12, 16]"
839,"Аближе,чембыли-уженевозможно.","[1, 7, 10, 14, 15, 18]"
840,"Вкрасивыхжурналахсчитаютпунктиры,","[1, 9, 17, 24]"
841,Ая-доквартирывечернеесальто.,"[1, 2, 3, 5, 13, 21, 22]"
842,"Икривятсягубы,икофепротивен,","[1, 9, 14, 15, 19]"
843,"Иновоеутро,иновое'неттебя...'","[1, 6, 11, 12, 17, 18, 21]"
844,Япоасфальтушагаю,"[1, 3, 11]"
845,"Стем,когосберечьнесмогу.","[1, 5, 9, 16, 18]"
846,"Доостановкитрамвая,","[2, 11]"
847,Звенящегонабегу.,"[9, 11]"
848,"Вгазетахписали,чтоты-идиотка,","[1, 8, 15, 18, 20, 21]"
849,Вовсёмвиноватапроклятаяводка.,"[2, 6, 14, 23]"
850,"Ругаешьсяматом,ипесеннепишешь,","[9, 15, 16, 21, 23]"
851,"Тебяокружаютнелюди,амыши.","[4, 12, 14, 19, 20]"
852,Такоеневыдуматьдаженарошно.,"[5, 7, 15, 19]"
853,"Аякаждыйвечерползудоквартиры,","[1, 2, 8, 13, 18, 20]"
854,"Иближе,чембыли-уженевозможно.","[1, 7, 10, 14, 15, 18]"
855,"Измученныйдорогой,явыбилсяизсил.","[10, 18, 19, 26, 28]"
856,Ивдомелесникаяночлегапопросил.,"[1, 2, 6, 13, 14, 21]"
857,Сулыбкойдобродушнойстарикменявпустил.,"[1, 8, 19, 25, 29]"
858,Ижестомдружелюбнымнаужинпригласил.,"[1, 3, 4, 7, 12, 18, 20, 22, 24]"
859,"Будькакдома,путник,янивчёмнеоткажу,","[4, 7, 12, 19, 20, 22, 23, 26, 28]"
860,"Янивчемнеоткажу,янивчёмнеоткажу!","[1, 3, 4, 7, 9, 16, 17, 19, 20, 23, 25]"
861,"Множествоисторий,кольжелаешь,расскажу,","[9, 17, 21, 29]"
862,"Кольжелаешь,расскажу,","[4, 12]"
863,"Кольжелаешь,расскажу!","[4, 12]"
864,"Наулицетемнело,сиделязастолом.","[2, 7, 9, 15, 21, 23]"
865,"Лесниксиделнапротив,болталотом,осём.","[6, 11, 20, 26, 27, 31, 32]"
866,"Чтонетсредиживотныхустарикаврагов,","[3, 6, 11, 19, 20, 27]"
867,Чтонравитсяемуподкармливатьволков.,"[3, 11, 14, 27]"
868,Иволкисрединочизавылиподокном.,"[1, 6, 11, 15, 21, 24]"
869,Старикзаулыбалсяивдругпокинулдом.,"[6, 8, 16, 17, 22, 29]"
870,Новскоревозвратилсясружьёмнаперевес:,"[2, 8, 19, 20, 26, 28]"
871,"'Друзьяхотятпокушать,пойдём,приятель,влес!'","[7, 12, 21, 28, 37, 38]"
872,Яшёлксебедомой,"[1, 4, 5, 9]"
873,Яшёлпомокрымлужам,"[1, 4, 6, 12]"
874,Поскользкоймостовой,[11]
875,Ногамиснегутюжил,"[5, 6, 7, 11, 13]"
876,Амокрыйснегпадал,"[1, 7, 11]"
877,Аяшёлдомой,"[1, 2, 5]"
878,Позимнемусаду,"[2, 9]"
879,Попустоймостовой,[8]
880,Оншёлсомнойрядом,"[2, 5, 7, 11]"
881,Шпионилзамной,"[7, 9]"
882,Следилзамнойвзглядом,"[6, 8, 12]"
883,Бесшумныйконвой,[9]
884,Ивотястою,"[1, 4, 5, 6]"
885,Накраюснегопада,"[2, 6, 11]"
886,Снебападаетснег,"[5, 11, 12]"
887,Значитнебутакнадо,"[6, 10, 13]"
888,Вэтотрудноповерить,"[1, 4, 10]"
889,Явернулсядомой,"[1, 9]"
890,Тыоткрыламнедвери,"[2, 9, 12]"
891,Снегвошёлвследзамной,"[4, 9, 10, 14, 16]"
892,Ивдругснеграстаял,"[1, 6, 7, 12, 16]"
893,Увиделтебя,[6]
894,Напорогеостались,"[2, 8]"
895,Толькокаплидождя,"[6, 10, 11]"
896,Насуноситрека,"[2, 3, 7, 8, 9]"
897,Плавныхвёселволнами,"[7, 12]"
898,Словнокто-тооткрыл,"[6, 12]"
899,Всенебесныекраны,"[3, 11]"
900,Мыстоимнакраю,"[2, 7, 9]"
901,Накраюводопада,"[2, 6, 9]"
902,Снебальётсявода,"[5, 11]"
903,Заморямиестьлимоновыйсад,"[2, 8, 12, 14, 16, 21]"
904,Янайдулимонибудурад,"[1, 6, 9, 12, 16]"
905,Нотебенедамнесмейменявинить,"[2, 6, 8, 11, 13, 17, 21]"
906,Посмотритедочегоонхорош,"[10, 12, 16, 18]"
907,Нонадорогетыегоненайдешь,"[2, 4, 10, 12, 15, 17]"
908,Попробуйсделайсамнебудуятебяучить,"[2, 8, 14, 17, 19, 23, 24, 28]"
909,Растутлимонынавысокихгорах,"[6, 8, 12, 14, 21]"
910,Накрутыхберегахдлякрутых,"[2, 8, 15, 18]"
911,Корочетынедостанешь,"[8, 10]"
912,Явижуцельязалимономдотянутьсяхочу,"[1, 5, 10, 12, 19, 29]"
913,Язалимономлечуикрутизнойнаслаждаюсь,"[1, 3, 6, 10, 14, 15, 19, 24, 26]"
914,СтранаЛимониястранабеззабот,"[6, 13, 19, 22]"
915,ВстрануЛимониюведетподземныйход,"[1, 7, 14, 19, 28]"
916,Найтипопробуйсамнебудуятебяучить,"[5, 7, 13, 16, 18, 22, 23, 27]"
917,Труднадорогаиповсюдуобман,"[4, 6, 12, 13, 15, 20]"
918,Ночтобнесбитьсяуменяестьплан,"[2, 6, 8, 15, 16, 20, 24]"
919,Ноятебенедамнесмейменявинить,"[2, 3, 7, 9, 12, 14, 18, 22]"
920,СтрануЛимониюищусдавнихпор,"[6, 13, 16, 17, 23]"
921,Мненадоелвечнозеленыйпомидор,"[3, 7, 9, 14, 21]"
922,Еготыкушайсамнесмейегосомнойделить,"[3, 5, 10, 13, 15, 19, 22, 24, 28]"
923,Несмейегосомнойделить,"[2, 6, 9, 11, 15]"
924,"Выйдунаулицу-солнцанема,","[5, 7, 12, 13, 19, 21]"
925,Парнимолодыесвелименясума.,"[5, 12, 17, 21, 22]"
926,"Выйдунаулицу,глянунасело,-","[5, 7, 13, 18, 20, 25]"
927,"Девкигуляют,имневесело.","[5, 12, 13, 14, 16]"
928,"Матушкародная,водицымнедай,","[7, 14, 18, 20, 23]"
929,Сердцемоетакикидаетвжар.,"[6, 9, 12, 13, 15, 19, 20]"
930,"Раньшеягулялавзеленомсаду,","[6, 7, 13, 14, 21]"
931,Думаланаулицувекнепойду.,"[6, 8, 13, 16, 18]"
932,Атеперьподвечеражпяткигорят-,"[1, 7, 10, 17, 22, 27]"
933,Ноженькирезвыевпляскухотят.,"[2, 6, 8, 14, 15, 21]"
934,"Япойдунаулицу,кдевкампойду,","[1, 6, 8, 14, 15, 21]"
935,Голосомзвонкимяимподпою.,"[7, 14, 15, 17, 20]"
936,"Матушка,слышишь,соловушекпоет,","[8, 16, 21, 25]"
937,"Атам,подгорою,пляскаидет-","[1, 5, 8, 14, 20, 24]"
938,"Девкиголосистыезвонкопоют,","[5, 15, 21]"
939,Мнедамолоденькойспатьнедают.,"[3, 5, 7, 9, 16, 21, 23]"
940,"Теплоеместо,ноулицыждут","[6, 12, 14, 19]"
941,Отпечатковнашихног.,"[2, 10, 15]"
942,Звезднаяпыль-насапогах.,"[8, 12, 13, 15]"
943,"Мягкоекресло,клетчатыйплед,","[6, 13, 22]"
944,Ненажатыйвовремякурок.,"[2, 9, 11, 16]"
945,Солнечныйдень-вослепительныхснах.,"[9, 13, 14, 28]"
946,"Группакрови-нарукаве,","[6, 11, 12, 14]"
947,"Мойпорядковыйномер-нарукаве,","[3, 13, 18, 19, 21]"
948,"Пожелаймнеудачивбою,пожелаймне:","[7, 8, 10, 15, 16, 20, 22, 24, 27]"
949,"Неостатьсявэтойтраве,","[2, 10, 11, 15]"
950,Неостатьсявэтойтраве.,"[2, 10, 11, 15]"
951,"Пожелаймнеудачи,пожелаймнеудачи!","[2, 7, 8, 10, 16, 18, 20, 23, 24, 26]"
952,"Иестьчемплатить,ноянехочу","[1, 5, 8, 16, 18, 19, 21]"
953,Победылюбойценой.,"[6, 11]"
954,Яникомунехочуставитьногунагрудь.,"[1, 7, 9, 13, 20, 24, 26]"
955,"Яхотелбыостатьсястобой,","[1, 6, 8, 16, 17]"
956,"Простоостатьсястобой,","[6, 14, 15]"
957,Новысокаявнебезвездазоветменявпуть.,"[2, 9, 10, 14, 15, 20, 25, 29, 30]"
958,"Ночькоротка,цельдалека,","[4, 12, 16]"
959,"Ночьютакчастохочетсяпить,","[5, 8, 13, 20]"
960,"Тывыходишьнакухню,","[2, 10, 12]"
961,"Новодаздесьгорька,","[2, 6, 11]"
962,"Тынеможешьздесьспать,","[2, 4, 10, 15]"
963,Тынехочешьздесьжить.,"[2, 4, 10, 15]"
964,"Доброеутро,последнийгерой!","[6, 11, 20]"
965,"Доброеутротебеитаким,какты,","[6, 10, 14, 15, 21, 24]"
966,"Доброеутро,последнийгерой.","[6, 11, 20]"
967,"Здравствуй,последнийгерой!","[11, 20]"
968,"Тыхотелбытьодин,этобыстропрошло,","[2, 7, 11, 16, 19, 25]"
969,"Тыхотелбытьодин,нонесмогбытьодин,","[2, 7, 11, 16, 18, 20, 24, 28]"
970,"Твояношалегка,нонемеетрука,","[4, 8, 14, 16, 19, 22]"
971,Итывстречаешьрассветзаигройвдурака.,"[1, 3, 13, 20, 22, 27, 28, 30]"
972,"Утромтыстремишьсяскорееуйти,","[5, 7, 17, 23]"
973,"Телефонныйзвонок,каккоманда'Вперед!'","[10, 17, 20, 27]"
974,"Тыуходишьтуда,куданехочешьидти,","[2, 9, 14, 18, 20, 26]"
975,"Тыуходишьтуда,нотебятамниктонеждет!","[2, 9, 14, 16, 20, 23, 28, 30]"
976,Яидупоулицевзеленомпиджаке.,"[1, 4, 6, 11, 12, 19]"
977,Мненравятсямоиботинки.,"[3, 11, 14]"
978,Аещекрасивыйгалстукуменя.,"[1, 4, 12, 19, 20]"
979,"Ягладилбрюкидвачаса,","[1, 7, 11, 12, 15]"
980,Впарикмахерскойсиделсутра.,"[1, 15, 20, 21]"
981,"Ивотидуяпоулице,одиня.","[1, 4, 7, 8, 10, 16, 20]"
982,Поулицеидуя.,"[2, 7, 10]"
983,Поулицеодин.,"[2, 7]"
984,Умоегоприятеляестьновыепластинки.,"[1, 6, 14, 18, 23]"
985,Иязайдувкафеивыпьючашкукофе.,"[1, 2, 7, 8, 12, 13, 15, 18, 23]"
986,Апотомпойдукнему.,"[1, 6, 11, 12]"
987,ИвзеркалахвитринятакпохожнаБодиХоли.,"[1, 2, 10, 17, 20, 25, 27, 30, 31]"
988,Папаскородастсвоюмашинупокататьсямне.,"[4, 9, 13, 17, 23, 33]"
989,Идуя.,[3]
990,Поулицеодиня.,"[2, 7]"
991,Идуяпоулицеодин.,"[3, 4, 6, 11]"
992,Весна-постоянныйнасморк.,"[5, 6, 16, 18, 19]"
993,Весна-солнцесветитопять.,"[5, 6, 12, 16, 17, 18, 19]"
994,Ияпромочилноги.,"[1, 2, 10]"
995,Весна-ияопятьидугулять.,"[5, 6, 7, 8, 13, 14]"
996,Весна-янемогуусидетьдома.,"[5, 6, 7, 9, 13, 20]"
997,Весна-ялюблювесну.,"[5, 6, 7, 12]"
998,Очемпоютвмоемдворекошки?,"[1, 4, 8, 9, 13, 18]"
999,"Нет-нет-нет-нет,","[3, 4, 7, 8, 11, 12]"
1000,Янеусну.,"[1, 3]"
1001,Весна-яуженегреюпио.,"[5, 6, 7, 10, 12, 16]"
1002,Весна-скоровырастеттрава.,"[5, 6, 11, 19]"
1003,"Весна-выпосмотрите,каккрасиво.","[5, 6, 8, 19, 22]"
1004,Весна-гдемояголова?,"[5, 6, 9, 12]"
